949,¿Arde Paris?,René Clément,1966,V.O.S.,DVD124
34,12 del patíbulo,Robert Aldrich,1967,,DVD15
438,12  Monos,Terry Gilliam,1995,DVD,DVD
52,16 calles,Richard Donner,2006,Xvid,DVD19
411,1984,Michael Radford,1984,DVD'R,DVD'R
429,2001:Odisea en el espacio,Stanley Kubrick,1968,DVD'R,DVD'R
444,2010: Odisea dos,Peter Hyams,1984,,DVD87
162,2046,Wong-Kar Wai,2004,,DVD4
366,21 Gramos,Alejandro González Iñárritu,2003,Divx(16:9),CD'R
1017,23F,Chema de la Peña,2011,,DVD136
849,300,Zack Snyder,2007,,DVD91
262,5 Condiciones,Lars Von Trier,0,,DVD63
855,5 días en Saigón,Stephane Gauger,2008,,DVD93
222,Abajo el telón,Tim Robbins,1999,,DVD52
365,Abre los ojos,Alejandro Amenábar,1997,Divx,CD'R
393,Abyss,James Cameron,1989,Divx(4:3),CD'R
373,A Contrareloj,Carl Franklin,2003,Divx(16:9),CD'R
1001,Agenda oculta,Ken Loach,1990,,DVD131
903,Ágora,Alejandro Amenábar,2009,,DVD104
305,Ahora o nunca,Rob Reiner,2007,,DVD73
345,Alatriste,Agustín Díaz Yanes,2006,,DVD84
157,Alfie,Lewis Gilbert,1966,,DVD39
141,Alfie,Charles Shyer,2004,,DVD36
954,Algunos hombres buenos,Rob Reiner,1992,V.O.S,DVD125
277,Alta fidelidad,Stephen Frears,2000,,DVD66
265,Amadeus,Milos Forman,1984,,DVD64
270,Amar peligrosamente,Martin Campbell,2003,,DVD65
884,Amazing Grace,Michael Apted,2006,,DVD99
1014,Amenazados,Gregor Jordan,2010,,DVD135
882,America America,Elia Kazan,1963,,DVD99
218,American Gangster,Ridley Scott,2007,,DVD51
44,American Psycho,Mary Harron,2000,,DVD17
179,Amistad,Steven Spielberg,1997,,DVD43
75,Amor a quemarropa,Tony Scott,1993,,DVD23
925,An education,Lone Scherfig,2009,,DVD111
1031,Angeles y demonios,Ron Howard,2009,,DVD141
167,Annie Hall,Woody Allen,1977,,DVD40
923,Antes que el diablo sepa que has muerto,Sidney Lumet,2007,,DVD111
866,Anticristo,Lars Von Trier,2009,,DVD95
385,Apocalypse Now,Francis Ford Coppola,1979,DVD,DVD
288,Apocalypto,Mel Gibson,2006,,DVD69
209,A proposito de Schmidt,Alexander Payne,2002,null,DVD5
862,Arenas sangrientas,Allan Dwan,1949,,DVD94
113,Arizona baby,Joel & Ethan Coen,1987,null,DVD30
17,Arlington Road,Mark Pellington,1999,null,DVD12
168,Arsénico por compasión,Frank Capra,1944,,DVD41
33,A scanner Darkly,Richard Linklatter,2006,,DVD15
82,Ases Calientes,Joe Carnaham,2007,,DVD24
286,Asesinato Justo,Jon Avnet,2008,,DVD69
362,Atrapado en el tiempo,Harold Ramis,1992,VCD,CD'R
114,Atrapa el fuego,Philip Noyce,2006,,DVD30
315,Australia,Baz Luhrmann,2008,,DVD76
963,Babel,Alejandro González Iñárritu,2006,,DVD128
16,Bailando en la oscuridad,Lars Von trier,2000,,DVD12
991,Bajo la piel,Jada Pinkett Smith,2008,,DVD120
195,Balas sobre Broadway,Woody Allen,1994,,DVD46
24,Banderas de nuestros padres,Clint Eastwood,2006,,DVD14
430,Barry Lyndon,Stanley Kubrick,1975,null,CD'R
15,Barton Fink,Joel & Ethan Coen,1991,,DVD12
221,Beetlejuice,Tim Burton,1998,,DVD52
246,Ben Hur,William wyler,1959,,DVD59
912,Bienvenido Mr. Chance,Hal Ashby,1979,,DVD107
987,Big fish,Tim Burton,2003,,DVD118
1025,Biutiful,Alejandro González Iñárritu,2010,,DVD139
424,Black Hawk Down,Ridley Scott,2001,DVD,DVD
148,Black Rain,Ridley Scott,1989,,DVD37
363,Blade Runner,Ridley Scott,1982,Divx(16:9) V.O.,CD'R
119,Blow up,Michelangelo Antonioni,1966,,DVD31
973,Bob roberts,Tim Robbins,1993,V.O.S.,DVD130
410,Bowling for columbine,Michael Moore,2002,Divx (16:9),CD'R
292,Brazil,Terry Gilliam,1985,,DVD7
130,Breaking and entering,Anthony Minghella,2006,,DVD34
976,Brothers,,0,,DVD115
41,Buenas noches y buena suerte,George Clooney,2005,,DVD17
155,Cabeza borradora,David Lynch,1976,,DVD39
318,Cadillac Records,Darnell Martin,2008,,DVD77
985,Cámara sellada,James Foley,1996,,DVD118
928,Capricorn one,Peter Hyams,1978,,DVD112
94,Carretera perdida,David Lynch,1996,,DVD27
200,Cartas desde Iwo Jima,Clint Eastwood,2006,,DVD48
408,Casablanca,Michael Curtiz,1942,Divx(16:9),CD'R
969,Caza a la espía,Doug Liman,2010,,DVD129
850,Celebración,Thomas Vinterberg,1998,,DVD91
454,Cerezos en Flor,Doris Dörrie,2008,null,DVD89
138,Charada,Stanley Donen,1963,,DVD35
49,Charlie y la fabrica de chocolate,Tim Burton,2005,Xvid,DVD18
280,Che: El argentino,Steven Soderbergh,2008,,DVD67
332,Che Guerrilla,Steven Soderbergh,2008,,DVD80
302,Chinatown,Roman Polanski,1974,,DVD72
1022,Cisne negro,Darren Aronofsky,2010,,DVD138
417,Ciudadano Kane,Orson Welles,1941,null,CD'R
103,Ciudad de dios,"Fernando Meirelles,Katia Lundi",2002,,DVD29
934,Ciudad de vida y muerte,Lu Chuan,2009,,DVD113
999,Clash of the Titans,Desmond Davis,1981,,DVD131
48,Closer,Mike Nichols,2005,MPEG,DVD18
409,Collateral,Michael Mann,2004,Divx(16:9),CD'R
960,Come reza ama,Ryan Murphy,2010,,DVD127
1007,Como sabes si,James L. Brooks,2010,,DVD133
211,Como ser John Malkovich,Spike Jonze,1999,,DVD5
2,Confesiones de una mente peligrosa,George Clooney,2002,,DVD1
260,Confidence,James Foley,2003,,DVD62
55,Con la muerte en los talones,Alfred Hitchcock,1959,,DVD2
945,Conocerás al hombre de tus sueños,Woody Allen,2010,,DVD123
404,Conoces a Joe Black,Martin Brest,1998,VCD,CD'R
867,Conociendo a Jim,Steve Buscemi,2005,,DVD95
38,Cool World,Ralph Bakshi,1992,,DVD16
56,Corazonada,Francis Ford Coppola,1982,,DVD2
980,Corazón rebelde,Scott Cooper,2009,,DVD116
124,Corazón salvaje,David Lynch,1990,,DVD32
164,Coronel Redl,István Szabó,1984,null,DVD40
298,Cosas que perdimos en el fuego,Susanne Bier,2007,,DVD71
135,Cotton club,Francis Ford Coppola,1984,,DVD35
420,Crash,Paul Haggis,2006,DVD'R,DVD'R
51,Crimen organizado,Matthew Vaughn,2004,Xvid,DVD19
863,Crimen y castigo,Menahem Golan,2002,,DVD94
127,Crónicas,Sebastián Cordero,2004,,DVD33
115,Cruce de caminos,Walter Hill,1986,,DVD30
68,Cube zero,Ernie Barbarash,2004,Xvid,DVD22
338,Cuestión de honor,Gavin O'Connor,2008,,DVD82
445,Dark city,Alex Proyas,1998,,DVD87
336,Death Note,Tetsuro Araki,2006,,DVD81
313,Desafío Total,Paul Verhoeven,1990,,DVD75
163,Desayuno con diamantes,Blake Edwards,1961,,DVD40
868,Desgracia,Steve Jacobs,2008,,DVD95
311,Desmontando a Harry,Woody Allen,2007,,DVD74
456,Destellos de genio,Marc Abraham,2009,null,DVD89
111,Dias de Trueno,Tony Scott,1990,,DVD3
287,Días extraños,Kathryn Bigelow,1995,,DVD69
281,Doctor Zhivago,David Lean,1965,,DVD68
401,Dogma,Kevin Smith,1999,Divx(16:9),CD'R
402,Dogville,Lars Von Trier,2003,Divx(16:9),CD'R
208,Domingo Sangriento,Paul Greengrass,2002,,DVD49
296,Donnie Brasco,Mike Newell,1996,,DVD71
423,Donnie Darko,Richard Kelly,2001,Divx(16:9),CD'R
386,Dracula,Francis Ford Coppola,1992,Divx (16:9),CD'R
358,Duel: El diablo sobre ruedas,Steven Spielberg,1971,,DVD9
72,Dune,David Lynch,1984,,DVD23
344,Duplicity,Tony Gilroy,2009,,DVD83
102,Eduardo Manostijeras,Tim Burton,1990,,DVD28
139,Ed Wood,Tim Burton,1994,,DVD35
19,El acorazado Potemkin,Sergei Eisenstein,1925,,DVD12
1011,El almirante,Andrey Kravchuk (AKA Andrei Kravchuk),2008,,DVD134
955,El americano,Anton Corbijn,2010,,DVD126
895,El amigo americano,Wim Wenders,1977,Original w subtitles,DVD102
319,El ángel exterminador,Luis Buñuel,1962,null,DVD77
187,El asesinato de Jesse James por el cobarde de Robert Ford,Andrew Dominik,2007,,DVD45
50,El aviador,Martin Scorsesse,2004,Divx,DVD19
105,El buen pastor,Robert de Niro,2006,,DVD29
3,El cabo del miedo,Martin Scorsesse,1991,,DVD1
889,El caso Bourne,Doug Liman,2002,,DVD101
330,El caso slevin,Paul McGuigan,2006,,DVD8
378,El club de la lucha,David Fincher,1999,DVD,DVD
186,El código Da Vinci,Ron Howard,2006,,DVD44
276,El color de la ambición,Herbert Ross,1991,,DVD66
29,El color púrpura,Steven Spielberg,1985,,DVD14
446,El cuarto protocolo,John McKenzie,1987,,DVD87
322,El curioso caso de Benjamin Button,David Fincher,2009,,DVD78
6,El desafío de las águilas,Brian G. Hutton,1969,,DVD10
347,El desafío - Frost contra Nixon,Ron Howard,2008,,DVD84
367,El Dia de la Bestia,Alex de la Iglesia,1995,DVD,CD'R
400,El día más largo,"Ken Annakin, Andrew Marton, Bernhard Wicki",1962,null,
4,El dilema,Michael Mann,1999,,DVD1
1012,El discurso del rey,Tom Hooper,2010,,DVD134
181,El dormilón,Woody Allen,1973,,DVD43
79,El efecto mariposa,"Eric Bress, J. MacKye Gruber",2004,,DVD24
143,El elemento del crimen,Lars Von Trier,1984,,DVD36
979,El escritor,Roman Polanski,2010,,DVD116
316,El espía,Billy Ray,2007,,DVD76
231,El espía que surgió del frío,Martin Ritt,1965,,DVD55
257,El experimento del Dr Quatermass,Val Guest,1955,,DVD61
418,El Extraño,Orson Welles,1946,Divx(4:3),CD'R
952,El final de la cuenta atrás,Don Taylor,1980,V.O.S.,DVD125
353,El fuego de la Venganza,Tony Scott,2007,,DVD86
160,El golpe,George Roy Hill,1973,,DVD4
227,El gran dictador,Charles Chaplin,1940,,DVD54
96,El gran Lebowski,Joel & Ethan Coen,1998,,DVD27
85,El gran salto,Joel & Ethan Coen,1994,,DVD25
990,El hombre de al lado,"Mariano Cohn, Gastón Duprat",2009,,DVD120
7,El hombre del tiempo,Gore Verbinski,2005,,DVD10
95,El hombre elefante,David Lynch,1980,,DVD27
8,El hombre que nunca estuvo alli,Joel & Ethan Coen,2001,,DVD10
93,El hombre que sabía demasiado,Alfred Hitchcock,1956,null,DVD27
101,El ilusionista,Neil Burger,2006,,DVD28
128,El imperio del sol,Steven Spielberg,1987,,DVD33
80,El indomable Will Hunting,Gus Van Sant,1997,,DVD24
191,El informe pelícano,Alan J. Pakula,1993,,DVD46
309,El intercambio,Clint Eastwood,2008,,DVD74
60,Elizabethtown,Cameron Crowe,2005,Xvid,DVD20
415,El Jardinero fiel,Nick Redd,2006,DVD'R,DVD
37,El jefe de todo esto,Lars Von Trier,2006,,DVD16
970,El juego de Hollywood,Robert Altman,1991,V.O.S.,DVD130
893,El laberinto del Fauno,Guillermo del Toro,2006,,DVD102
297,El ladrón de Orquídeas,Spike Jonze,2002,,DVD71
259,Ella es el partido,George Clooney,2008,,DVD62
343,El lector,Stephen Daldry,2008,,DVD83
982,El mal ajeno,Óskar Santos,2010,,DVD117
988,El manantial de la doncella,Ingmar Bergman,1960,,DVD119
228,El mensajero del miedo,John Frankenheimer,1962,,DVD54
86,El mensajero del miedo,Jonathan Demme,2004,,DVD25
890,El mito de Bourne,Paul Greengrass,2004,,DVD101
234,El navegante: una odisea en el tiempo,Vincent Ward,1988,,DVD55
243,El noveno día,Volker Schlöndorff,2004,,DVD58
54,El nuevo mundo,Terrence Malick,2006,Xvid,DVD19
132,El numero 23,Joel Schumacher,2007,,DVD34
869,El ojo de la aguja,Richard Marquand,1981,,DVD96
154,El paciente inglés,Anthony Minghella,1996,,DVD39
64,El padrino I,Francis Ford Coppola,1972,Xvid,DVD21
65,El padrino II,Francis Ford Coppola,1974,Xvid,DVD21
66,El padrino III,Francis Ford Coppola,1990,Xvid,DVD21
87,El pianista,Roman Polanski,2002,,DVD25
387,El planeta de los simios,Franklin J. Schaffner,1967,DVD,DVD
238,El poder de un dios,Peter Fleischmann,1990,,DVD56
140,El proceso Paradine,Alfred Hitchcock,1947,null,DVD36
204,El puente sobre el río Kwai,David Lean,1957,,DVD49
170,El quimérico inquilino,Roman Polanski,1976,,DVD41
403,El quinto Elemento,Luc Besson,1997,Divx(16:9),CD'R
63,El reino de los cielos,Ridley scott,2005,Xvid,DVD20
247,El Resplandor,Stanley Kubrick,1980,,DVD6
301,El rey de California,Mike Cahill,2007,,DVD72
251,El rey de la comedia,Martin Scorsesse,1982,,DVD60
97,El rey pescador,Terry Gilliam,1991,,DVD27
425,El rio de la vida,Robert Redford,1992,DVD,CD'R
374,El sargento de hierro,Clint Eastwood,1986,Divx(16:9),CD'R
120,El secreto de los hermanos Grimm,Terry Gilliam,2005,,DVD31
273,El señor de la guerra,Andrew Niccol,2005,,DVD66
328,El septimo sello,Ingmar Bergman,1957,,DVD8
268,El sexto día,Roger Spottiswoode,2000,,DVD64
126,El síndrome de China,James Bridges,1978,null,DVD33
902,El soplón,Steven Soderbergh,2009,,DVD104
883,El submarino,Wolfgang Petersen,1981,,DVD99
176,El sueño de Casandra,Woody Allen,2007,,DVD42
32,El tercer hombre,Orson Welles,1949,,DVD15
84,El truco final,Christopher Nolan,2006,,DVD25
161,El trueno azul,John Badham,1982,,DVD4
151,El ultimatum de Bourne,Paul Greengrass,2007,,DVD38
1023,El último bailarín de Mao,Bruce Beresford,2009,,DVD139
458,El último Emperador,Bernardo Bertolluci,1987,null,DVD90
383,El ultimo samurai,Edward Zwick,2004,DVD'R,DVD'R
156,En busca de Bobby Fischer,David Zailian,1993,,DVD39
90,En busca de la felicidad,Gabriele Muccino,2006,null,DVD26
30,Encadenados,Alfred Hitchcock,1946,null,DVD15
59,Encuentros en la 3ª  fase,Steven Spielberg,1977,,DVD2
254,En el punto de mira,Kari Skogland,2002,,DVD61
870,Enemigos públicos,Michael Mann,2009,,DVD96
989,En la habitación,Todd Field,2001,,DVD119
918,En tierra hostil,Kathryn Bigelow,2008,,DVD109
413,Entrevista con el vampiro,Neil Jordan,1994,Divx,CD'R
205,Epidemic,Lars Von Trier,1987,,DVD49
433,Erin Brockovich,Steven Soderbergh,2000,DVD'R,DVD'R
289,Estado de sitio,Edward Zwick,1998,,DVD7
58,Europa,Lars Von Trier,1991,,DVD2
248,Eyes Wide Shut,Stanley Kubrick,1999,,DVD6
947,Fahrenheit 451,François Truffaut,1966,,DVD123
390,Fallen,Gregory Hoblit,1998,Divx(16:9),CD'R
282,Fanny y Alexander,Ingmar Bergman,1982,,DVD68
396,Fargo,Joel & Ethan Coen,1995,null,CD'R
447,Farinelli il castrato,Gerard Corbiau,1994,,DVD87
392,Final Fantasy,Hironobu Sakaguchi,2001,Divx (16:9),CD'R
158,Firefox,Clint Eastwood,1982,,DVD4
53,Firewall,Richard Loncraine,2006,Xvid,DVD19
921,Flor del desierto,Sherry Horman,2009,,DVD110
129,Frenesí,Alfred Hitchcock,1972,,DVD34
171,Frenético,Roman Polanski,1988,,DVD41
908,Frozen river,Courtney Hunt,2008,,DVD105
81,Fuerza 10 de Navarone,Guy Hamilton,1978,,DVD24
193,Funeral en Berlín,Guy Hamilton,1966,,DVD46
320,Gandhi,Richard Atenborough,1982,null,DVD77
368,Gattaca,Andrew Niccol,1997,Divx(16:9)/DVD,DVD'R
152,Gente Corriente,Robert Redford,1980,,DVD38
293,Gia,Michael Christofer,1997,,DVD70
1002,Gilda,Charles Vidor,1946,,DVD131
69,Gladiator,Ridley Scott,2000,,DVD22
1034,Gone baby gone,"Ben Affleck, Aaron Stockard",2007,,DVD142
442,Goodbye Lenin,Wolfgang Becker,2003,Divx (16:9),CD'R
871,Good morning Vietnam,Barry Levinson,1987,,DVD96
214,Gorky Park,Michael Apted,1983,,DVD50
134,Grandes Esperanzas,Alfonso Cuarón,1998,,DVD35
213,Grand Prix,John Frankenheimer,1966,,DVD50
346,Gran Torino,Clint Eastwood,2008,,DVD84
121,Granujas de medio pelo,Woody Allen,2000,,DVD31
1026,Great battle of the Japan sea,Seiji Maruyama,1969,V.O.S. (Japanese with english subtitles),DVD140
935,Green Zone,Paul Greengrass,2010,,DVD113
335,Guerra y Paz,King Vidor,1956,,DVD81
325,Guerra y Paz,Sergei Bondarchuk,1968,,DVD79
35,Guía del autoestopìsta galáctico,Garth Jennings,2005,,DVD16
972,Hacia la tormenta,Thaddeus O'Sullivan,2009,,DVD130
21,Hamlet,Franco Zeffirelli,1990,,DVD13
22,Hamlet,Kenneth Branagh,1996,,DVD13
23,Hamlet,Michael Almereyda,2000,null,DVD13
236,Hangar 18,James L. Conway,1980,,DVD56
331,Hijos de la gloria,Krsztina Goda,2006,,DVD80
326,Hijos de los Hombres,Alfonso Cuarón,2006,,DVD8
382,Historia de un crimen,Douglas Mc Grath,2006,null,CD'R
9,Horizonte final,Paul W.S. Anderson,1997,,DVD10
405,Huida a medianoche,Martin Brest,1988,DVD,DVD'R
937,Human nature,Michel Gondry,2001,,DVD121
242,Huracán Carter,Norman Jewison,1999,,DVD58
1024,Hurly Burly,Anthony Drazan,1998,V.O.S. (English subtitles),DVD139
67,Hypercube,Andrzej Sekula,2002,Xvid,DVD22
314,Import Export,Ulrich Seidl,2007,,DVD75
216,Indiana Jones en busca del arca perdida,Steven Spielberg,1981,,DVD50
252,Indiana Jones y la última cruzada,Steven Spielberg,1989,,DVD60
891,Indochina,Régis Wargnier,1992,,DVD101
329,Infiltrados,Martin Scorsesse,2007,,DVD8
224,Inland Empire,David Lynch,2007,,DVD53
388,Intacto,Fresnadillo,2001,Divx,CD'R
898,In the loop,Armando Iannucci,2009,,DVD103
215,Invasión,"Oliver Hirschbiegel, James McTeigue",2007,,DVD50
919,Invictus,Clint Eastwood,2009,,DVD109
448,Iván el terrible,Sergei Eisenstein,1944,,DVD87
455,Iván el terrible II,Sergei Eisenstein,1946,null,DVD89
136,Jardines de piedra,Francis Ford Coppola,1987,,DVD35
1035,JFK,Oliver Stone,1991,V.O.S.,DVD142
145,Jindabyne,Ray Lawrence,2006,,DVD36
953,Johnny cogió su fusil,Dalton Trumbo,1971,,DVD125
74,Johnny Mnemonic,Robert Longo,1995,null,DVD23
414,John Q,Nick Cassavetes,2002,VCD,CD'R
178,Juegos de Guerra,John Badham,1983,,DVD43
896,"Kafka, la verdad oculta",Steven Soderbergh,1991,,DVD102
78,Kalifornia,Dominic Sena,1994,,DVD24
885,Katyn,Andrzej Wajda,2007,,DVD100
62,King Kong,Peter Jackson,2005,Xvid,DVD20
878,Kramer contra Kramer,Robert Benton,1979,,DVD98
244,L.A. Confidential,Curtis Hanson,1997,,DVD59
188,La amenaza Andrómeda,Robert Wise,1971,,DVD45
275,La batalla de Inglaterra,Guy Hamilton,1969,,DVD66
278,La batalla de Midway,Jack Smight,1976,,DVD67
43,La busqueda,Jon Turteltaub,2004,Xvid,DVD17
98,La caja Kovak,Daniel Monzón,2005,,DVD28
398,La caza del octubre rojo,John McTiernan,1990,Divx(16:9),CD'R
249,La Chaqueta metálica,Stanley Kubrick,1987,,DVD6
1004,La ciudad del silencio,Gregory Nava,2006,,DVD132
153,La comedia sexual de una noche de verano,Woody Allen,1982,,DVD38
327,La cortina de humo,Barry Levinson,1997,,DVD8
192,La cortina Rasgada,Alfred Hitchcock,1966,null,DVD46
42,La cosecha de hielo,Harold Ramis,2005,Xvid,DVD17
125,La dalia negra,Brian de Palma,2006,,DVD33
930,La decisión de Anne,Nick Cassavetes,2010,,DVD114
437,La delgada línea roja,Terrence Malick,1998,Divx(16:9)(2CD's),2CD'R
339,La duda,John Patrick Shanley,2008,,DVD82
47,Ladykillers,Joel & Ethan Coen,2004,Divx,DVD18
245,La fiera de mi niña,Howard Hawks,1938,,DVD59
449,La gata sobre el tejado de zinc,Richard Brooks,1958,,DVD88
180,La gran aventura de Pee-Wee,Tim Burton,1985,,DVD43
184,La gran estafa,Lasse Hallström,2007,,DVD44
146,La gran evasión,John Sturges,1962,,DVD37
232,La guerra de Charlie Wilson,Mike Nichols,2007,,DVD55
240,La guerra de los mundos,Byron Haskin,1953,,DVD58
886,La hija de Ryan,David Lean,1970,,DVD100
109,La hora final,Stanley Kramer,1959,,DVD3
879,La infancia de Iván,Andrei Tarkovsky,1962,,DVD98
291,La interprete,Sidney Pollack,2005,,DVD7
407,La Isla,Michael Bay,2005,DVD'R,DVD'R
350,La jungla 4.0,Len Wiseman,2007,,DVD85
14,La lista de Schindler,Steven Spielberg,1993,null,DVD11
122,La maldición del escorpión de Jade,Woody Allen,2001,,DVD31
45,La memoria de los muertos,Omar NaÏm,2004,,DVD17
217,La milla verde,Frank Darabont,1999,,DVD51
431,La Naranja Mecánica,Stanley Kubrick,1971,MPEG(2CD's),2CD'R
938,La noche de los girasoles,Jorge Sánchez-Cabezudo,2006,,DVD121
427,La novena puerta,Roman Polanski,1999,DVD,DVD
341,La pareja del año,Joe Roth,2001,,DVD83
426,La prueba,Roger Donaldson,2003,Divx(16:9),CD'R
1018,La red social,David Fincher,2010,,DVD136
852,La reina Victoria,Jean Marc Vallée,2009,,DVD92
279,Las águilas azules,John Guillermin,1966,,DVD67
872,Las cuatro plumas,Shekhar Kapur,2002,,DVD96
285,Las dos caras de la verdad,Gregory Hoblit,1995,,DVD69
237,Las Hermanas Bolena,Justin Chadwick,2008,,DVD56
432,Las Horas,Stephen Daldry,2003,null,CD'R
977,Las normas de la casa de la sidra,Lasse Hallström,1999,,DVD116
364,La Sombra del Diablo,Alan J. Pakula,1997,DVD,DVD
853,La sombra del poder,Kevin Macdonald,2009,,DVD92
131,Last days,Gus Van Sant,2005,,DVD34
939,Las vidas posibles de Mr. Nobody,Jaco Van Dormael,2009,,DVD121
860,La tapadera,Sydney Pollack,1993,,DVD93
337,La teta asustada,Claudia Llosa,2009,,DVD82
941,La última estación,Michael Hoffman,2009,,DVD122
887,La última noche,Spike Lee,2002,,DVD100
149,La última noche de Boris Grushenko,Woody Allen,1975,,DVD37
235,La vida de David Gale,Alan Parker,2003,,DVD56
112,La vida de los otros,Florian Henckel-Donnersmarck,2006,,DVD30
851,Lawrence de arabia,David Lean,1962,,DVD91
61,Lazos de Guerra,Je-Gyu Kang,2004,Xvid,DVD20
348,Lejos de la Tierra Quemada,Guillermo Arriaga,2008,,DVD85
194,Leones por corderos,Robert Redford,2007,,DVD46
20,Leyendas de pasión,Edward Zwick,1994,,DVD13
412,Lobo,Miguel Courtois,2004,Divx(16:9),CD'R
391,"Lock, stock & two smoking barrels",Guy Ritchie,1998,ASF(16:9),CD'R
1013,Lope,Andrucha Waddington,2010,,DVD134
31,Los Borgia,Antonio Hernández,2006,,DVD15
99,Los cañones de Navarone,J. Lee Thompson,1961,,DVD28
340,Los chicos de Scottsboro,Terry Green,2006,,DVD82
18,Los duelistas,Ridley Scott,1977,,DVD12
271,Los falsificadores,Stefan Ruzowitzky,2007,,DVD65
926,Los hombres que miraban fijamente a las cabras,Grant Heslov,2009,,DVD112
859,Los hombres que no amaban a las mujeres,Niels Arden Oplev,2009,,DVD93
165,Los idiotas,Lars Von Trier,1998,,DVD40
384,Los lunes al sol,Fernando León de Aranoa,2002,Divx(16:),CD'R
11,Los pájaros,Alfred Hitchcock,1963,null,DVD11
83,Los que saben morir,Lamont Johnson,1970,,DVD24
142,Los Simpson,David Silverman,2007,,DVD36
88,Lost in Translation,Soffia Coppola,2003,,DVD25
978,Luciérnagas en el jardín,Dennis Lee,2008,,DVD116
1036,Lust for life,Vincente Minnelli,1956,V.O.S.,DVD143
185,M.A.S.H.,Robert Altman,1970,,DVD44
452,Macbeth,Roman Polanski,1971,null,DVD88
950,Madres e hijas,Rodrigo García,2009,,DVD124
169,Magnolia,Paul Thomas Anderson,1999,,DVD41
219,Malcolm X,Spike Lee,1992,,DVD51
901,Malditos bastardos,Quentin Tarantino,2009,,DVD104
992,Mammoth,Lukas Moodysson,2009,,DVD120
175,Manderlay,Lars Von Trier,2005,,DVD42
880,Mapa de los sonidos de Tokyo,Isabel Coixet,2009,,DVD98
182,Mar adentro,Alejandro Amenábar,2004,,DVD44
223,Marea roja,Tony Scott,1995,,DVD52
253,María Estuardo,John Ford,1936,,DVD61
894,Marnie La ladrona,Alfred Hitchcock,1964,,DVD102
1008,Más allá de la vida,Clint Eastwood,2010,,DVD133
942,Más allá del tiempo,Robert Schwentke,2009,,DVD122
1019,Matar a un ruiseñor,Robert Mulligan,1962,,DVD136
361,Matrix,Wachowstky brothers,1999,Divx(16:9) / Extras,CD'R
915,Matrix Reloaded,Wachowski Brothers,2003,,DVD108
916,Matrix Revolutions,Wachowski Brothers,2003,,DVD108
940,Max Manus,"Joachim Rønning, Espen Sandberg",2008,,DVD121
12,Medianoche en el jardín del bien y el mal,Clint Eastwood,1997,,DVD11
974,Medidas extraordinarias,Tom Vaughan,2009,,DVD115
376,Memento,Christopher Nolan,2000,MPEG(2CD's),2CD'R
189,Memorias de África,Sidney Pollack,1985,,DVD45
70,Memorias de una geisha,Rob Marshall,2005,,DVD22
201,Mephisto,István Szabó,1981,,DVD48
419,Metropolis,Osamu Tezuka,2005,Divx(16:9),CD'R
230,Michael Clayton,Tony Gilroy,2007,,DVD54
864,Mifune,Soren Kragh-Jacobsen,1999,,DVD94
899,Millenium 2,Daniel Alfredson,2009,,DVD103
936,Millenium 3,Daniel Alfredson,2009,,DVD113
40,Millones,Danny Boyle,2004,,DVD17
255,"Mimzy, más allá de la imaginación",Robert Shaye,2007,,DVD61
323,Mi nombre es Harvey Milk,Gus Van Sant,2009,,DVD78
225,Misterio en el barco perdido,Michael Anderson,1959,,DVD53
91,Misteriosa Obsesión,Joseph Ruben,2004,null,DVD26
116,Misterioso asesinato en Manhattan,Woody Allen,1993,,DVD30
306,Mongol,Sergei Bodrov,2007,,DVD73
905,Moon,Duncan Jones,2009,,DVD105
906,Morituri,Bernhard Wicki,1965,,DVD105
334,Mr Brooks,Bruce A. Evans,2007,,DVD81
57,Mucho ruido y pocas nueces,Kenneth Branagh,1993,,DVD2
100,Muerte entre las flores,Joel & Ethan Coen,1990,,DVD28
380,Mulholland drive,David Lynch,2001,Divx (16:9),CD'R
1000,Munich,Steven Spielberg,2005,,DVD131
971,Mutiny on the bounty,Frank Lloyd,1936,V.O.S.,DVD130
317,My blueberry nights,Wong-Kar Wai,2007,,DVD76
375,Mystic River,Clint Eastwood,2003,VCD,CD'R
147,Nacido el 4 de Julio,Oliver Stone,1989,,DVD37
406,Nadie conoce a nadie,Mateo Gil,1999,Divx(16:9),CD'R
967,Nadie sabe nada de gatos persas,Bahman Ghobadi,2009,,DVD129
349,Negocios de Guerra,Joshua Sheftel,2008,,DVD85
144,Next,Lee Tamahori,2007,,DVD36
399,Nivel 13,Josef Rusnak,1999,VCD,CD'R
888,N Napoleón y yo,Paolo Virzi,2006,,DVD100
352,No es país para viejos,Joel & Ethan Coen,2007,,DVD86
892,Nostalgia,Andrei Tarkovsky,1986,,DVD101
299,Nuremberg,Yves Simoneau,2000,,DVD71
36,O Brother!,Joel & Ethan Coen,2000,,DVD16
28,Odessa,Ronalde Neame,1974,,DVD14
73,Offside,Jafar Panahi,2005,,DVD23
873,Ojos de serpiente,Brian de Palma,1998,,DVD97
25,Old Boy,Chan wook-park,2003,null,DVD14
357,Olvidate de mi,Michael Gondry,2004,,DVD9
1027,Omagh,Pete Travis,2004,V.O.S.,DVD140
304,Once,John Carney,2006,,DVD73
958,One Fine Day,Michael Hoffman,1996,V.O.S.,DVD127
229,Operación Canadá,Michael Moore,1995,,DVD54
1003,Operación ogro,Gillo Pontecorvo,1979,,DVD131
381,Operación Swordfish,Dominic Sena,2001,Divx(16:9),CD'R
956,Origen,Christopher Nolan,2010,,DVD126
913,Papillon,Franklin J. Schaffner,1973,,DVD107
1028,Paradise now,Hany Abu-Assad,2005,V.O.S.,DVD140
874,Paraiso Travel,Simon Brand,2008,,DVD97
174,Patton,Franklin J. Schaffner,1969,,DVD42
226,Peligro inminente,Philip Noyce,1994,,DVD53
875,Perros de paja,Sam Peckinpah,1971,,DVD97
197,Persépolis,"Marjane Satrapi, Vincent Paronnaud",2007,,DVD47
261,Pesadilla antes de Navidad,Henry Selick,1993,,DVD63
108,Philadelphia,Jonathan Demme,1993,,DVD3
389,Piratas del caribe,Gore Verbinski,2003,Divx,CD'R
1038,Piratas del caribe 4 - En mareas misteriosas,,0,,DVD143
212,Plan oculto,Spike Lee,2006,,DVD5
416,Platoon,Oliver Stone,1986,DVD'R,DVD'R
76,Poderosa Afrodita,Woody Allen,1995,,DVD23
263,Pozos de ambición,Paul Thomas Anderson,2007,,DVD63
933,Primer,Shane Carruth,2004,,DVD114
173,Promesas del este,David Cronenberg,2007,,DVD42
172,Psicosis,Alfred Hitchcock,1960,null,DVD42
422,Pulp Fiction,Quentin Tarantino,1994,Divx(16:9),CD'R
283,Quemar después de leer,Joel & Ethan Coen,2008,,DVD68
453,Quid pro quo,Carlos Brooks,2009,null,DVD89
356,Rain Man,Barry Levinson,1988,,DVD9
360,Ratas a la carrera,Jerry Zucker,2001,Divx(16:9) / Extras,CD'R
264,Ray,Taylor Hackford,2004,,DVD63
929,Recuento,Jay Roach,2008,,DVD112
983,Recuérdame,Allen Coulter,2010,,DVD117
294,Red de mentiras,Ridley Scott,2008,,DVD70
986,Repo Men,Miguel Sapochnik,2010,,DVD118
10,Reservoir dogs,Quentin Tarantino,1992,,DVD10
312,Resistencia,Edward Zwick,2008,,DVD75
13,Resplandor en la oscuridad,David Sheltzer,1991,,DVD11
303,Retrato de una Obsesión,Steven Shainberg,2006,,DVD72
854,Revolutionary Road,Sam Mendes,2008,,DVD92
993,Rocknrolla,Guy Ritchie,2008,,DVD120
946,"Rommel, el zorro del desierto",Henry Hathaway,1951,,DVD123
150,Rompiendo las olas,Lars Von Trier,1996,,DVD38
26,Sabiduría Garantizada,Doris Dörrie,2000,,DVD14
897,Sacrificio,Andrei Tarkovsky,1986,,DVD103
106,Sahara,Zoltan korda,1943,,DVD29
957,Salt,Phillip Noyce,2010,,DVD126
1032,Salvador,Manuel Huerga,2006,,DVD141
27,Salvaje,Laslo Benedek,1953,,DVD14
436,Salvar al soldado Ryan,Steven Spielberg,1998,null,CD'R
394,Saw,James Wan,2004,DVD'R,DVD'R
77,Scoop,Woody Allen,2006,,DVD23
207,Sed de mal,Orson Welles,1958,(Título original Touch of evil),DVD49
190,Senderos de Gloria,Stanley Kubrick,1957,,DVD45
266,Serendipity,Peter Chelsom,2001,,DVD64
196,Ser o no ser,Ernst Lubitsch,1942,,DVD47
379,Seven,David Fincher,1995,DVD'R,DVD'R
395,Shiri,Je-Gyu Kang,1999,Divx (16:9),CD'R
206,Shoot'em up,Michael Davis,2007,,DVD49
369,"Shooter, el tirador",Antoine Fuqua,2007,null,
927,Shutter Island,Martin Scorsese,2010,Original w subtitles,DVD112
310,Siete Almas,Gabriele Muccino,2008,null,DVD74
202,Siete días de Mayo,John Frankenheimer,1964,Título original: Seven days in may,DVD48
250,Sin novedad en el frente,Lewis Milestone,1930,,DVD60
159,Sin perdón,Clint Eastwood,1992,,DVD4
118,Sky Captain y el mundo del mañana,Kerry Conran,2004,,DVD31
370,Sleepers,Barry Levinson,1996,DVD,DVD
439,Sleepy Hollow,Tim Burton,1999,Divx(16:9),CD'R
321,Slumdog Millionaire,Danny Boyle,2009,,DVD78
948,Smart People,Noam Murro,2008,,DVD123
359,Snatch,Guy Ritchie,2000,Divx(16:9) / Extras,CD'R
914,Sobrepasando el límite,Henry Bean,2007,,DVD107
434,Solaris,Steven Soderbergh,2002,Divx(16:9),CD'R
931,Solo ellos,Scott Hicks,2009,,DVD114
183,Son de mar,Bigas Luna,2001,,DVD44
371,Sospechosos Habituales,Bryan Singer,1995,Divx(16:9),CD'R
267,Soylent green,Richard Fleischer,1964,,DVD64
440,Spy Game,Tony Scott,2001,DVD'R,DVD'R
46,Sr. Y Sra. Smith,Doug Liman,2005,Xvid,DVD18
342,Stranded,María Lidón,2002,,DVD83
1029,Sucker punch,Zack Snyder,2011,,DVD140
943,Sunshine Cleaning,Christine Jeffs,2008,,DVD122
272,Supernova: El fin del universo,Walter Hill,2000,,DVD65
233,Sweeney Todd,Tim Burton,2008,,DVD55
909,Sympathy for lady Vengeance,Chan Wook Park,2005,,DVD106
917,Sympathy for Mr. Vengeance,Park Chan-wook,2002,,DVD108
1015,También la lluvia,Icíar Bollaín,2010,,DVD135
166,Taxi Driver,Martin Scorsesse,1976,,DVD40
110,Teléfono rojo: volamos hacia Moscú,Stanley Kubrick,1963,,DVD3
107,Terciopelo azul,David Lynch,1986,,DVD3
1016,Territorio prohibido,Wayne Kramer,2009,,DVD135
354,Tesis,Alejandro Amenábar,1996,,DVD9
865,Tetro,Francis Ford Coppola,2009,,DVD94
944,The alibi,"Matt Checkowski, Kurt Mattila",2006,,DVD122
959,The bridge at Remagen,John Guillermin,1969,V.O.S.,DVD127
71,The cube,Vincenzo Natali,1998,,DVD22
900,The damned United,Tom Hooper,2009,,DVD103
1009,The day of the jackal,Fred Zinnemann,1973,,DVD133
951,The girlfriend experience,Steven Soderbergh,2009,,DVD124
450,The International ( Dinero en la sombra),Tom Tykwer,2009,null,DVD88
92,Thelma y Louise,Ridley Scott,1991,null,DVD26
290,The mexican,Gore Verbinski,2001,,DVD7
922,The road,John Hillcoat,2009,,DVD110
1006,The way,Emilio Estévez,2010,,DVD132
397,They Live,John Carpenter,1988,Divx,CD'R
1033,The young lions,Edward Dmytryk,1958,V.O.S.,DVD142
1037,Thirteen days,Roger Donaldson,2000,V.O.S.,DVD143
932,THX 1138,George Lucas,1971,,DVD114
241,Tiempos de Gloria,Edward Zwick,1989,,DVD58
137,Tierra de sangre,Robert Edwards,2006,,DVD35
876,Todo por un sueño,Gus Van Sant,1995,,DVD97
220,Todos los hombres del presidente,Alan J. Pakula,1976,,DVD52
295,Todos los hombres del rey,Steven Zaillian,2006,,DVD70
861,Topaz,Alfred Hitchcock,1969,,DVD93
962,Tora! Tora! Tora!,"Richard Fleischer, Kinji Fukasaku y Toshio Masuda",1970,,DVD128
435,Traffic,Steven Soderbergh,2000,DVD'R,DVD'R
457,Traffic,"Stephen Hopkins, Eric Bross",2004,Miniserie,DVD90
377,Trainspotting,Danny Boyle,1993,Divx,CD'R
210,Transito,Marc Foster,2005,,DVD5
877,Tres monos,Nuri Bilge Ceylan,2008,,DVD97
911,Triage,Danis Tanovic,2009,,DVD106
5,Tron,Steven Lisberger,1982,,DVD1
1005,Tron legacy,Joseph Kosinski,2010,,DVD132
443,Troya,Wolfgang Petersen,2004,DVD,DVD
117,"Tucker, un hombre y su sueño",Francis Ford Coppola,1988,,DVD31
198,Turandot,Puccini,0,ÓPERA,DVD47
274,Two much,Fernando Trueba,1994,,DVD66
239,Ultimatum a la tierra,Robert Wise,1951,,DVD56
89,Una historia verdadera,David Lynch,1999,,DVD26
256,Una mala jugada,Spike Lee,1998,null,DVD61
428,Una mente maravillosa,Ron Howard,2001,Divx (16:9),CD'R
39,Un buen año,Ridley Scott,2006,,DVD16
984,Un ciudadano ejemplar,F. Gary Gray,2009,,DVD118
307,Un final made in Hollywood,Woody Allen,2002,,DVD73
920,Un hombre soltero,Tom Ford,2009,,DVD110
324,Un horizonte muy lejano,Ron Howard,1992,,DVD79
968,Un juego de inteligencia,Hans Weingartner,2007,,DVD129
924,Un profeta,Jacques Audiard,2009,,DVD111
199,Un puente lejano,Richard Attenborough,1977,,DVD47
907,Un tipo serio,Joel & Ethan Coen,2009,,DVD105
881,Un toque de canela,Tassos Boulmetis,2003,,DVD98
203,Un trabajo en Italia,Peter Collinson,1969,,DVD48
258,Un tranvía llamado deseo,Elia Kazan,1951,,DVD62
910,Up in the air,Jason Reitman,2009,,DVD106
351,Valkiria,Bryan Singer,2008,,DVD86
1021,Valor de ley,Joel & Ethan Coen,2010,,DVD138
308,Vals con Bashir,Ari Folman,2008,,DVD74
372,Vanilla Sky,Cameron Crowe,2001,null,CD'R
269,V de Vendetta,James McTeique,2005,,DVD65
1030,Vencedores y vencidos,Stanley Kramer,1961,V.O.S.,DVD141
355,Vertigo,Alfred Hitchcock,1958,,DVD9
300,Vexille,Fumihiko sori,2007,,DVD72
284,Vicky Cristina Barcelona,Woody Allen,2008,,DVD68
1,Videodrome,David Cronenberg,1983,,DVD1
421,Vidocq,Pitof,2001,Divx(4:3),CD'R
441,Volcano High School,WaSanGo,2001,Divx(16:9),CD'R
981,Wall Street,Oliver Stone,1987,,DVD117
961,"Wall Street, el dinero nunca duerme",Oliver Stone,2010,,DVD128
451,Watchmen,Zack Snyder,2009,null,DVD88
333,Waterloo,Sergei Bondarchuk,1970,null,DVD80
104,Wicker man,Neil LaBute,2006,,DVD29
1020,Yoyes,Helena Taberna,2000,,DVD136
133,Zelig,Woody Allen,1983,,DVD34
123,Zodiac,David Fincher,2007,,DVD32
177,Zulú,Cy Enfield,1963,,DVD43
